"Admin_3_AR","lat","lon","Index","counter"
"الشبرقية",33.7035256,35.8229631,"1",1
"الشبرقية",33.703526,35.8229656,"1",2
"الشبرقية",33.7774821,35.8721094,"1",3
"الشبرقية",33.77748,35.8721102,"1",4
"الشبرقية",26.009095,43.3431697,"1",5
"الشبرقية",18.2373684,42.4375221,"1",6
"الشبرقية",33.7815108,35.8814014,"1",7
"الصويري",34.7509859,36.4634869,"2",1
"المنصوره",31.0409483,31.3784704,"3",1
"باب مارع",33.5823179,35.6812785,"4",1
"تل ذنوب",33.6612028,35.7796574,"5",1
"تل ذنوب",33.6328488,35.7818877,"5",2
"راشيا حي الفوقا",33.5018826,35.8398217,"6",1
"راشيا حي الكواسبه",33.5013933,35.843158,"7",1
"راشيا حي الكواسبه",33.4937426,35.8412463,"7",2
"سلساتا",NA,NA,"8",1
"الفرزل التحتا",33.7934823,35.8226097,"9",1
"الوقف",55.5943007,13.0389555,"10",1
"الوقف",26.0872873,32.42305,"10",2
"الوقف",30.4854136,47.7983379,"10",3
"الوقف",33.3382998,44.2939407,"10",4
"الوقف",16.9780138,42.6921057,"10",5
"الوقف",24.7563431,46.730226,"10",6
"الوقف",26.0778418,32.4297369,"10",7
"الوقف",26.0880259,32.4249904,"10",8
"الوقف",14.5386594,44.4186359,"10",9
"الوقف",30.2129549,31.4095718,"10",10
"الوقف",26.0838894,32.4491607,"10",11
"الوقف",34.8858072,44.6249209,"10",12
"الوقف",24.869894,40.511734,"10",13
"الوقف",51.4534425,5.4691445,"10",14
"الوقف",26.085933699999998,32.4235709,"10",15
"الوقف",16.7034979,42.9546027,"10",16
"الوقف",26.0861418,32.4236155,"10",17
"الوقف",26.093046,32.424235,"10",18
"الوقف",30.5098732,31.5091649,"10",19
"الوقف",26.3130243,44.2588051,"10",20
"بتياس",28.9578494,-13.6507431,"11",1
"حاجي حببلي",36.6135423,52.2183231,"12",1
"حي السلم",33.8937913,35.5017767,"13",1
"حي السلم",33.8312787,35.5121753,"13",2
"حي السلم",33.8535791,35.5187425,"13",3
"حي السلم",33.8283264,35.5121425,"13",4
"حي السلم",33.8268982,35.5126187,"13",5
"حي السلم",18.9503302,41.9248678,"13",6
"حي السلم",33.8289218,35.5121335,"13",7
"حي السلم",21.3238501,0.9493977,"13",8
"حي السلم",33.8294043,35.5123202,"13",9
"حي السلم",33.8288043,35.5129275,"13",10
"حي السلم",33.8268982,35.5126187,"13",11
"حي السلم",21.4534115,39.3233108,"13",12
"حي السلم",31.9550138,5.3145457,"13",13
"حي السلم",33.827743,35.5117741,"13",14
"حي السلم",33.8230394,35.515133,"13",15
"حي السلم",33.8268606,35.5128143,"13",16
"حي السلم",33.8937913,35.5017767,"13",17
"حي السلم",36.6687813,2.9786858,"13",18
"حي السلم",30.4006711,-9.5492689,"13",19
"حي السلم",33.8281998,35.5130139,"13",20
"خضر بك",31.1962359,29.9271547,"14",1
"خضر بك",36.3676019,42.398824,"14",2
"خضر بك",31.1920262,29.9133893,"14",3
"خضر بك",31.1904034,29.9208064,"14",4
"خضر بك",31.1971581,29.9264093,"14",5
"خضر بك",31.192094,29.9145251,"14",6
"خضر بك",31.198188,29.9254673,"14",7
"خضر بك",31.1963951,29.9271668,"14",8
"خضر بك",31.1977355,29.9260601,"14",9
"خضر بك",31.1980759,29.9253835,"14",10
"خضر بك",31.1920748,29.9137002,"14",11
"خضر بك",31.198117,29.9255492,"14",12
"خضر بك",31.1920994,29.913445,"14",13
"خضر بك",31.1961977,29.9271933,"14",14
"خضر بك",31.1918857,29.9148179,"14",15
"خضر بك",31.2393359,29.9822128,"14",16
"خضر بك",31.1964771,29.9270944,"14",17
"خضر بك",31.1924294,29.9129578,"14",18
"خضر بك",31.9424309,35.8471931,"14",19
"خضر بك",31.1982179,29.9254568,"14",20
"زحلة المعلقه الشمالي",33.8417292,35.9244797,"15",1
"زحلة المعلقه الشمالي",33.8417296,35.9244789,"15",2
"زحلة المعلقه الشمالي",33.8434967,35.9014098,"15",3
"زحلة الميدان الشرقي",NA,NA,"16",1
"زحلة حوش الزراعنه",33.768947,35.8027352,"17",1
"زحلة حوش الزراعنه",33.8434967,35.9014098,"17",2
"زحلة حوش الزراعنه",33.8485603,35.897999,"17",3
"زحلة حوش الزراعنه",33.7655867,35.8112386,"17",4
"زحلة حوش الزراعنه",33.8462557,35.9019519,"17",5
"زحلة حوش الزراعنه",33.62274,35.7354338,"17",6
"زحلة حوش الزراعنه",33.4760975,35.7550954,"17",7
"زحلة حوش الزراعنه",33.8417292,35.9244797,"17",8
"زحلة حوش الزراعنه",33.82854,35.9027789,"17",9
"زحلة مار الياس",33.8524397,35.8938538,"18",1
"زحلة مار الياس",33.8451739,35.8988339,"18",2
"زحلة مار الياس",33.8450472,35.8991501,"18",3
"زحلة مار الياس",33.8507508,35.8941066,"18",4
"زحلة وادي العرايش",33.8462557,35.9019519,"19",1
"قب الياس التحتا",33.7934823,35.8226097,"20",1
"قب الياس التحتا",33.7934823,35.8226097,"20",2
"قب الياس التحتا",33.7934772,35.8226119,"20",3
"قب الياس التحتا",33.7914284,35.8215083,"20",4
"قب الياس التحتا",33.7923752,35.8176439,"20",5
"قب الياس التحتا",33.7818707,35.8162835,"20",6
"قب الياس التحتا",33.7932267,35.822625,"20",7
"قب الياس التحتا",33.6426443,35.8420224,"20",8
"قب الياس التحتا",33.883176,35.992491,"20",9
"قب الياس التحتا",33.854721,35.862285,"20",10
"قب الياس التحتا",33.7847222,35.705,"20",11
"قب الياس التحتا",33.8817727,36.0303179,"20",12
"قب الياس التحتا",33.648689,35.863222,"20",13
"قب الياس التحتا",33.8795771,35.995531,"20",14
"قب الياس التحتا",33.877863,35.9979399,"20",15
"قب الياس التحتا",33.6438464,35.840388,"20",16
"قب الياس التحتا",33.8859299,35.9900881,"20",17
"قب الياس التحتا",33.8823026,35.9900633,"20",18
"قب الياس التحتا",33.6535094,35.8332717,"20",19
"قب الياس التحتا",33.6457078,35.8629381,"20",20
"قب الياس الفوقا",33.7934823,35.8226097,"21",1
"كابوسية",NA,NA,"22",1
"يوغون اولوك",NA,NA,"23",1
"الغباطيه",33.5785446,35.5847006,"24",1
"ريمات وشقاديف",33.5286009,35.5096031,"25",1
"قطين وحيداب",33.5265944,35.5294142,"26",1
"مزرعة المطحنة",33.3440308,-4.8934396,"27",1
"مزرعة المطحنة",36.420865,43.1550112,"27",2
"مزرعة المطحنة",33.492512,35.5482968,"27",3
"مزرعة المطحنة",33.4993882,35.560861,"27",4
"مزرعة المطحنة",25.0764847,56.3558882,"27",5
"مزرعة المطحنة",33.4164797,35.5873077,"27",6
"مزرعة المطحنة",30.0899307,31.2458001,"27",7
"مزرعة المطحنة",27.3095202,42.7859887,"27",8
"مزرعة المطحنة",30.0850228,31.2460079,"27",9
"مزرعة المطحنة",31.992757,35.889406,"27",10
"البص  قسم 1",NA,NA,"28",1
"البص  قسم 3",NA,NA,"29",1
"البص قسم 5",NA,NA,"30",1
"الحميري",34.9739522,36.5040446,"31",1
"الحميري",14.0712654,43.9756014,"31",2
"الحميري",24.2606469,55.7215565,"31",3
"الحميري",13.9416407,44.1828637,"31",4
"الحميري",13.5986706,44.0695261,"31",5
"الحميري",33.1658783,44.3511848,"31",6
"الحميري",34.9704525,36.5026204,"31",7
"الحميري",34.9706434,36.5033053,"31",8
"الحميري",34.970719,36.5041274,"31",9
"الحميري",15.2906133,44.2648299,"31",10
"الحميري",14.526207,43.5710089,"31",11
"الحميري",15.3794008,44.2317536,"31",12
"الحميري",13.5919262,43.9566928,"31",13
"الحميري",15.3128639,44.1886203,"31",14
"الحميري",13.5787538,43.9803566,"31",15
"الحميري",33.3635017,44.3846408,"31",16
"الحميري",32.6072422,44.3557214,"31",17
"الحميري",32.6095499,44.0473682,"31",18
"الحميري",33.2950779,35.3523746,"31",19
"الحميري",15.3662089,44.1954375,"31",20
"الظهيرة",27.9112043,42.4061297,"32",1
"الظهيرة",29.4919656,-9.5864742,"32",2
"الظهيرة",26.0210866,44.9985886,"32",3
"الظهيرة",24.6328481,46.7115214,"32",4
"الظهيرة",36.3466604,43.1646615,"32",5
"الظهيرة",27.9215351,42.4114162,"32",6
"الظهيرة",27.9064088,42.3846933,"32",7
"الظهيرة",32.4041237,14.627425,"32",8
"الظهيرة",25.9004631,45.3363032,"32",9
"الظهيرة",27.905092,42.388008,"32",10
"الظهيرة",24.6386386,46.7103454,"32",11
"الظهيرة",24.6358321,46.7105796,"32",12
"الظهيرة",24.639282,46.7102047,"32",13
"الظهيرة",30.6698285,31.5898266,"32",14
"الظهيرة",24.6353932,46.7106699,"32",15
"الظهيرة",24.639786,46.7098569,"32",16
"الظهيرة",24.6431962,46.7110574,"32",17
"الكنيسه",42.3521193,-71.0739954,"33",1
"الكنيسه",42.3499464,-71.0754584,"33",2
"الكنيسه",42.3524913,-71.0723866,"33",3
"الكنيسه",42.3536148,-71.075132,"33",4
"الكنيسه",42.3656268,-71.0795103,"33",5
"الكنيسه",42.3668531,-71.0919611,"33",6
"الكنيسه",42.3668016,-71.1049717,"33",7
"الكنيسه",42.3616667,-71.0641667,"33",8
"الكنيسه",42.3634087,-71.0970133,"33",9
"الكنيسه",42.3673242,-71.0995364,"33",10
"الكنيسه",42.3692545,-71.1003914,"33",11
"الكنيسه",42.3568515,-71.0620206,"33",12
"الكنيسه",42.3558232,-71.0622195,"33",13
"الكنيسه",42.363904,-71.1043289,"33",14
"الكنيسه",42.3585972,-71.0627155,"33",15
"الكنيسه",42.3686562,-71.0971896,"33",16
"الكنيسه",42.3643533,-71.1051564,"33",17
"الكنيسه",42.3634244,-71.0969988,"33",18
"الكنيسه",42.376472,-71.1134255,"33",19
"الكنيسه",42.3643801,-71.0995455,"33",20
"المالكية",26.0991791,50.4851036,"34",1
"بثتيات",NA,NA,"35",1
"شمع",35.6574532,51.4282036,"36",1
"شمع",33.1547222,35.2122222,"36",2
"شمع",35.6758301,51.4243012,"36",3
"شمع",26.277031,50.213071,"36",4
"شمع",21.6068715,39.1804144,"36",5
"شمع",29.3170054,30.8557925,"36",6
"شمع",21.5824763,39.2071702,"36",7
"شمع",35.7128672,51.4899059,"36",8
"شمع",29.9654636,30.949844,"36",9
"شمع",36.6775482,46.5664409,"36",10
"شمع",34.3411277,47.0878341,"36",11
"شمع",29.9753155,31.166059,"36",12
"شمع",27.2504076,33.8053691,"36",13
"شمع",35.6572088,51.4281218,"36",14
"شمع",30.18583,31.408615,"36",15
"شمع",29.6140747,52.5465285,"36",16
"شمع",35.7753729,50.9588004,"36",17
"شمع",35.7168121,51.4270444,"36",18
"شمع",26.277014,50.2126792,"36",19
"شمع",38.0591414,46.35793,"36",20
"صور حي الارثوذكس",30.0625228,31.2538239,"37",1
"صور حي الارثوذكس",30.0670546,31.2647083,"37",2
"صور حي الارثوذكس",30.0638363,31.2535734,"37",3
"صور حي الارثوذكس",31.9530805,34.8996337,"37",4
"صور حي الجامع",23.6135643,58.193246,"38",1
"صور حي الجورة",33.513815,36.3143324,"39",1
"صور حي الحسينية",21.3817017,39.8739757,"40",1
"صور حي الحسينية",21.4626248,39.9745733,"40",2
"صور حي الحسينية",32.6164256,44.0323884,"40",3
"صور حي الحسينية",26.4828356,50.0560549,"40",4
"صور حي الحسينية",33.8535791,35.5187425,"40",5
"صور حي الحسينية",32.6016468,44.0163954,"40",6
"صور حي الحسينية",33.8559848,44.6819162,"40",7
"صور حي الحسينية",29.9982133,31.2046953,"40",8
"صور حي الحسينية",31.986885,35.828058,"40",9
"صور حي الحسينية",33.380094,44.3380141,"40",10
"صور حي الحسينية",33.3605889,44.2920618,"40",11
"صور حي الحسينية",33.2363903,44.3144783,"40",12
"صور حي الحسينية",26.5627346,49.9426176,"40",13
"صور حي الحسينية",25.4167141,49.5845802,"40",14
"صور حي الحسينية",26.5700827,49.9865368,"40",15
"صور حي الحسينية",29.3295064,48.05951,"40",16
"صور حي الحسينية",33.4040177,44.4204866,"40",17
"صور حي الحسينية",26.5512378,49.9903094,"40",18
"صور حي الحسينية",26.224844,50.5436982,"40",19
"صور حي الحسينية",30.4989089,47.7949506,"40",20
"صور حي المصاروي",31.9488901,35.9175846,"41",1
"صور حي المصاروي",30.948513,30.2206186,"41",2
"صور حي المصاروي",31.0409483,31.3784704,"41",3
"صور حي المصاروي",30.0248793,31.2422323,"41",4
"صور حي المصاروي",27.402484,33.6511438,"41",5
"صور حي المصاروي",31.2000924,29.9187387,"41",6
"صور حي المصاروي",11.2183048,35.0941095,"41",7
"صور حي الموارنة",42.7115037,-71.163316,"42",1
"الفتاحات وحربونا",NA,NA,"43",1
"دير بلا",34.2476397,35.8150513,"44",1
"دير بلا",34.2463449,35.8143967,"44",2
"راشكده",34.2399262,35.7679214,"45",1
"راشكيده",NA,NA,"46",1
"عرتز",NA,NA,"47",1
"عورا",35.8170922,0.452448,"48",1
"عورا",35.5913228,1.4009198,"48",2
"عورا",17.9769982,43.0328061,"48",3
"عورا",34.236292,35.805584,"48",4
"عورا",17.5105504,42.8940247,"48",5
"قندولا",26.2882882,50.2181078,"49",1
"مراح شديد ودير شواح",NA,NA,"50",1
"مسرح والبقيعة",NA,NA,"51",1
"نحلا",31.658678,34.791679,"52",1
"اجد عبرين",NA,NA,"53",1
"البحصاص",34.4167955,35.8263736,"54",1
"البحصاص",33.8708333,35.6027778,"54",2
"البحصاص",34.418593,35.8289971,"54",3
"بدبهون",NA,NA,"55",1
"حارة الخاصة",30.4246024,31.5572914,"56",1
"حارة الخاصة",15.6832554,32.4474191,"56",2
"حارة الخاصة",33.5114249,36.3155606,"56",3
"حارة الخاصة",30.1276155,31.2539641,"56",4
"حارة الخاصة",30.0599675,31.2538903,"56",5
"حارة الخاصة",30.0854659,31.2926321,"56",6
"حارة الخاصة",31.1838418,29.8988283,"56",7
"حارة الخاصة",29.9942759,31.1939611,"56",8
"حارة الخاصة",35.3375119,40.1210843,"56",9
"حارة الخاصة",24.4333554,56.6261379,"56",10
"حارة الخاصة",33.5381471,36.3760187,"56",11
"حارة الخاصة",31.189996,29.8959149,"56",12
"حارة الخاصة",30.1313147,31.315662,"56",13
"حارة الخاصة",30.0860703,31.2902245,"56",14
"حارة الخاصة",33.6942025,35.4254516,"56",15
"حارة الخاصة",30.0303754,31.2517057,"56",16
"حارة الخاصة",30.1285721,31.3162031,"56",17
"حارة الخاصة",13.5794519,43.9972917,"56",18
"حارة الخاصة",30.1127916,31.2707578,"56",19
"حارة الخاصة",30.0812843,31.2832059,"56",20
"حرف الصياد",26.3287493,31.8952194,"57",1
"حرف الصياد",30.1267974,31.2627999,"57",2
"حرف الصياد",30.1416965,31.394459,"57",3
"حرف الصياد",31.0695564,31.4650835,"57",4
"حرف الصياد",30.9834201,30.7970313,"57",5
"حرف الصياد",26.3285959,31.8950181,"57",6
"حرف الصياد",31.1559879,30.8383859,"57",7
"حرف الصياد",30.1267414,31.3086186,"57",8
"حرف الصياد",31.2079359,29.9970723,"57",9
"حرف الصياد",31.0549489,31.3802552,"57",10
"حرف الصياد",30.1408072,31.3155144,"57",11
"حرف الصياد",31.263573,30.0116271,"57",12
"حرف الصياد",30.1704538,31.4348006,"57",13
"حرف الصياد",30.0417161,31.0090734,"57",14
"حرف الصياد",30.6799826,31.618616,"57",15
"حرف الصياد",25.6977249,45.8917265,"57",16
"حرف الصياد",31.0427125,30.4616632,"57",17
"حرف الصياد",21.5544804,39.167165,"57",18
"حرف الصياد",31.414542,31.8003059,"57",19
"حرف الصياد",31.4143768,31.8002751,"57",20
"سير",33.3200643,35.3641087,"58",1
"سير",34.3869469,36.0294446,"58",2
"سير",31.9707903,35.9702357,"58",3
"سير",34.383185,36.028341,"58",4
"سير",13.9917082,44.2490861,"58",5
"سير",32.3637,35.313947,"58",6
"سير",30.0509526,31.2461362,"58",7
"سير",31.4778925,35.033144,"58",8
"سير",29.5340656,35.0104823,"58",9
"سير",45.8548924,-74.4078957,"58",10
"سير",32.0474424,36.0969895,"58",11
"سير",32.5638622,35.8680338,"58",12
"سير",31.9643376,35.8341035,"58",13
"سير",34.3844541,36.0287029,"58",14
"سير",34.3869514,36.0294464,"58",15
"سير",31.9149543,35.9207831,"58",16
"سير",35.3913138,58.0740221,"58",17
"سير",37.4704869,45.0344001,"58",18
"سير",32.0665838,35.7223668,"58",19
"سير",35.704293,4.5436396,"58",20
"مزرعة القرين",28.5741615,48.1327732,"59",1
"مزرعة القرين",25.4841935,49.6010469,"59",2
"مزرعة القرين",30.5998498,31.731017,"59",3
"مزرعة القرين",25.9948495,43.4144064,"59",4
"مزرعة القرين",23.0026623,58.5086818,"59",5
"مزرعة القرين",26.0135692,43.3561894,"59",6
"مزرعة القرين",26.1636468,43.3975839,"59",7
"مزرعة القرين",30.7165869,31.8464125,"59",8
"مزرعة القرين",30.6010765,31.7538176,"59",9
"مزرعة القرين",25.4761593,49.6089641,"59",10
"مزرعة القرين",25.4801364,49.6034544,"59",11
"مزرعة القرين",26.0463558,43.3857383,"59",12
"مزرعة القرين",26.4837523,50.0154892,"59",13
"مزرعة القرين",24.724536,43.7300491,"59",14
"مزرعة القرين",30.5981782,31.7407324,"59",15
"مزرعة القرين",25.4827515,49.6046047,"59",16
"مزرعة القرين",25.4928506,49.613543,"59",17
"مزرعة القرين",29.1594236,48.1084325,"59",18
"مزرعة القرين",28.6046058,48.1569509,"59",19
"مزرعة القرين",13.9779127,44.2478657,"59",20
"المغر وبلا",36.7538176,2.994679,"60",1
"بشري حي مار يوحنا",33.9654987,35.6380537,"61",1
"بشري حي مار يوحنا",34.2482414,35.7528818,"61",2
"بشري حي مار يوحنا",33.8848876,35.5188729,"61",3
"بشري حي مار يوحنا",34.3978615,35.8941716,"61",4
"بشري حي مار يوحنا",34.2488835,36.010602,"61",5
"بشري حي مار يوحنا",34.4200895,36.0726549,"61",6
"بشري حي مار يوحنا",33.9224553,35.7319091,"61",7
"بشري حي مار يوحنا",34.2438917,36.0489083,"61",8
"بشري حي مار يوحنا",33.8951263,35.5053063,"61",9
"بشري حي مار يوحنا",34.1207322,35.7539443,"61",10
"بشري حي مار يوحنا",31.7679344,35.1630635,"61",11
"بشري حي مار يوحنا",33.502346,36.320211,"61",12
"بشري حي مار يوحنا",31.2106117,29.9263375,"61",13
"حرف ارده",34.4080321,35.9147179,"62",1
"زغرتا حي الصليب الجنوبي",NA,NA,"63",1
"زغرتا حي المعاصر",NA,NA,"64",1
"مزرعة حوقا",NA,NA,"65",1
"الحدادين",42.4678502,-71.2437505,"66",1
"الحدادين",42.4848754,-71.2051901,"66",2
"الحدادين",42.1558299,-71.1074836,"66",3
"الحدادين",42.2535065,-71.1270108,"66",4
"الحدادين",42.3805075,-71.243941,"66",5
"الحدادين",42.4282231,-71.0817942,"66",6
"الحدادين",42.282825,-71.157526,"66",7
"الحدادين",42.3122756,-71.7991074,"66",8
"الحدادين",42.2413996,-71.8328585,"66",9
"الحدادين",41.8381905,-70.8610259,"66",10
"الحدادين",42.7050838,-71.1526514,"66",11
"الحدادين",42.7543026,-71.6728644,"66",12
"الحدادين",42.4714258,-71.6790488,"66",13
"الحدادين",41.9767178,-70.8642085,"66",14
"الحدادين",42.9465393,-71.2656848,"66",15
"الحدادين",43.0844456,-70.9350465,"66",16
"الحدادين",42.599287,-71.7242281,"66",17
"الحدادين",41.6095167,-70.5927504,"66",18
"الحدادين",42.5530506,-71.8631783,"66",19
"الحدادين",42.8418351,-71.7209778,"66",20
"الحديد",34.4358154,35.8460061,"67",1
"الحديد",33.770928,44.5572552,"67",2
"الحديد",30.0503362,31.2422029,"67",3
"الحديد",24.5631559,46.8878062,"67",4
"الحديد",26.2460446,49.9218765,"67",5
"الحديد",24.4503061,39.4943139,"67",6
"الحديد",32.3439102,15.1991844,"67",7
"الحديد",32.5824342,13.274646,"67",8
"الحديد",24.5062253,44.3604021,"67",9
"الحديد",28.4408022,36.4692509,"67",10
"الحديد",24.5236346,46.723849,"67",11
"الحديد",32.9919791,5.9474672,"67",12
"الحديد",26.2077841,49.9314584,"67",13
"الحديد",29.7831853,31.3157313,"67",14
"الحديد",24.6551154,46.7010452,"67",15
"الحديد",24.6564607,46.8235095,"67",16
"الحديد",21.4090194,39.2332,"67",17
"الحديد",24.3020317,39.5191942,"67",18
"الحديد",27.0186085,49.5763839,"67",19
"الحديد",30.3123522,30.8844042,"67",20
"القصيبه",32.565169,-6.0329775,"68",1
"النبطية التحتا حي السراي",33.3766118,35.4830941,"69",1
"النبطية التحتا حي المسيحيين",33.3779497,35.4875132,"70",1
"سيني",30.028761,31.407788,"71",1
"سيني",26.1378428,50.5667508,"71",2
"سيني",30.1174228,31.2597871,"71",3
"سيني",26.2420564,50.5885891,"71",4
"سيني",25.2733199,55.3200484,"71",5
"سيني",26.2326988,50.5554054,"71",6
"سيني",46.4085472,-86.0160643,"71",7
"سيني",31.2049609,29.9655415,"71",8
"سيني",29.9818814,31.3262477,"71",9
"سيني",21.6219572,39.2008834,"71",10
"سيني",29.3023226,47.9292239,"71",11
"سيني",25.2048493,55.2707828,"71",12
"سيني",21.4831101,39.2413125,"71",13
"سيني",21.6394245,39.132455,"71",14
"سيني",43.8044451,-79.3440456,"71",15
"سيني",27.864408,34.293393,"71",16
"سيني",21.5652788,39.222667,"71",17
"سيني",24.4699608,54.3514104,"71",18
"سيني",13.5272008,2.1089774,"71",19
"سيني",24.5225179,54.670077,"71",20
"بنت جبيل حي البركه",33.1195957,35.4329903,"72",1
"بنت جبيل حي البركه",33.1239898,35.432347300000004,"72",2
"بنت جبيل حي الجامع",33.1195957,35.4329903,"73",1
"بنت جبيل حي الجامع",33.117696,35.435157,"73",2
"بنت جبيل حي الجامع",33.1239898,35.432347300000004,"73",3
"بنت جبيل حي الحسينية",33.1195957,35.4329903,"74",1
"بنت جبيل حي الحسينية",33.1239898,35.432347300000004,"74",2
"بنت جبيل حي الحواره",33.1239898,35.432347300000004,"75",1
"بنت جبيل حي عين الصغيرة",33.1195957,35.4329903,"76",1
"بنت جبيل حي عين الصغيرة",33.1239898,35.432347300000004,"76",2
"بنت جبيل حي عين الصغيرة",33.1217768,35.435709,"76",3
"بنت جبيل حي عين الصغيرة",33.1172022,35.4319502,"76",4
"بنت جبيل حي عين الصغيرة",33.1274967,35.4352595,"76",5
"بنت جبيل حي عين الصغيرة",33.0761093,35.3723868,"76",6
"بنت جبيل حي عين الصغيرة",33.4074237,35.4785881,"76",7
"عين ابل حي الكنيسة",33.8477332,35.9041361,"77",1
"عين ابل حي الكنيسة",33.5644011,35.3714111,"77",2
"عين ابل حي الكنيسة",34.1412446,35.6400497,"77",3
"عين ابل حي الكنيسة",34.0758253,35.7131368,"77",4
"عين ابل حي الكنيسة",33.7669268,35.5933747,"77",5
"عين ابل حي الكنيسة",33.8932286,35.5207251,"77",6
"عين ابل حي الكنيسة",33.3820659,35.6624817,"77",7
"عين ابل حي الكنيسة",33.8467285,35.9044968,"77",8
"عين ابل حي الكنيسة",33.8581458,35.5186977,"77",9
"عين ابل حي الكنيسة",33.8935903,35.5209516,"77",10
"عين ابل حي الكنيسة",34.1260904,36.133483,"77",11
"عين ابل حي الكنيسة",32.5541927,35.8552712,"77",12
"عين ابل حي الكنيسة",32.5436232,35.8648997,"77",13
"عين ابل حي الكنيسة",33.8848592,35.5403209,"77",14
"عين ابل حي الكنيسة",32.5518914,35.851602,"77",15
"عين ابل حي الكنيسة",32.7070246,35.2948882,"77",16
"عين ابل حي الكنيسة",33.6499446,35.4425436,"77",17
"عين ابل حي الكنيسة",32.5519132,35.851825,"77",18
"عين ابل حي الكنيسة",32.5587252,35.8422035,"77",19
"عين ابل حي الكنيسة",32.5541619,35.8023455,"77",20
"حاصبيا حي الفوقاني",NA,NA,"78",1
"حاصبيا حي صفيفة",NA,NA,"79",1
"الجديدة حي العيون",36.0075243,6.5740013,"80",1
"الجديدة حي العيون",24.0106496,38.1794085,"80",2
"الجديدة حي العيون",24.5125088,39.5862698,"80",3
"الجديدة حي العيون",25.9491637,49.4237274,"80",4
"الجديدة حي العيون",30.1081954,31.3798549,"80",5
"الجديدة حي العيون",35.8533832,-0.3198577,"80",6
"الجديدة حي العيون",34.8342914,4.1618658,"80",7
"الجديدة حي العيون",34.6739505,3.23902,"80",8
"الجديدة حي العيون",31.9285014,5.3875819,"80",9
"الجديدة حي العيون",34.6664766,3.257734,"80",10
"الجديدة حي العيون",36.1855568,5.4312689,"80",11
"الجديدة حي العيون",36.5919746,8.1994922,"80",12
"الجديدة حي العيون",24.4465722,39.6905406,"80",13
"الجديدة حي العيون",35.923818,5.297625,"80",14
"الجديدة حي العيون",30.0989412,31.3171194,"80",15
"الجديدة حي العيون",35.9235105,5.3132871,"80",16
"الجديدة حي العيون",30.135035,31.3228965,"80",17
"الجديدة حي العيون",30.1215249,31.337326,"80",18
"الجديدة حي العيون",28.384595,36.5783642,"80",19
"الجديدة حي العيون",36.1975491,5.4502624,"80",20
"الجديدة حي القلعة",33.2569555,-8.5024269,"81",1
"الجديدة حي المدارس",32.9503111,5.9768427,"82",1
"الجديدة حي المدارس",36.4570972,2.7708224,"82",2
"الجديدة حي المدارس",36.4567044,2.7722801,"82",3
"الجديدة حي المدارس",36.8478978,9.9326768,"82",4
"الجديدة حي المدارس",35.8680659,10.5457015,"82",5
"الجديدة حي المدارس",37.2127155,10.1210895,"82",6
"الجديدة حي المدارس",29.9757161,31.5227266,"82",7
"الجديدة حي المدارس",30.1673051,31.6942266,"82",8
"الجديدة حي المدارس",35.716605,4.5421971,"82",9
"الجديدة حي المدارس",30.2542731,31.4837584,"82",10
"الجديدة حي المدارس",35.0193466,-2.9984336,"82",11
"الجديدة حي المدارس",31.9285014,5.3875819,"82",12
"الجديدة حي المدارس",35.3008321,10.7112818,"82",13
"الجديدة حي المدارس",32.4806916,3.7515299,"82",14
"الجديدة حي المدارس",34.9423512,-1.3595057,"82",15
"الجديدة حي المدارس",24.0957728,32.9318239,"82",16
"الجديدة حي المدارس",29.9935529,31.5273901,"82",17
"الجديدة حي المدارس",36.173598,1.3265295,"82",18
"الجديدة حي المدارس",31.5788325,-2.2044412,"82",19
"الجديدة حي المدارس",31.6548578,20.2420464,"82",20
"بويضة",42.3713215,-71.0830779,"83",1
"بويضة",42.3590256,-71.0946777,"83",2
"بويضة",42.3608996,-71.0620806,"83",3
"بويضة",42.3680634,-71.1023775,"83",4
"بويضة",42.3484566,-71.0840861,"83",5
"بويضة",42.3619901,-71.0653677,"83",6
"بويضة",42.3733034,-71.0615695,"83",7
"بويضة",42.3699063,-71.0959943,"83",8
"بويضة",42.3807831,-71.1016311,"83",9
"بويضة",42.3582624,-71.1141683,"83",10
"بويضة",42.3847796,-71.071412,"83",11
"بويضة",42.3741242,-71.0840175,"83",12
"بويضة",42.3256563,-71.0681175,"83",13
"بويضة",40.7168222,-73.9616611,"83",14
"بويضة",42.650358,-73.75837,"83",15
"بويضة",44.304553,-72.0195852,"83",16
"بويضة",40.7214895,-74.0084692,"83",17
"بويضة",41.8271088,-74.1265036,"83",18
"بويضة",39.8092892,-75.5426289,"83",19
"بويضة",40.1714763,-76.3092042,"83",20
"سرده والعمره",NA,NA,"84",1
"البويضة الشمالية",35.1428773,37.0440592,"85",1
"الزغرين",33.9254957,35.714219,"86",1
"الزغرين",35.0994065,37.0158772,"86",2
"الزغرين",33.9254912,35.7142185,"86",3
"الزغرين",34.4108085,36.3286412,"86",4
"الزغرين",33.4254563,35.5583381,"86",5
"الزغرين",34.4108085,36.3286412,"86",6
"الزغرين",34.4251465,36.3600081,"86",7
"الزغرين",33.4254563,35.5583381,"86",8
"الزغرين",34.3566396,36.3266366,"86",9
"الزغرين",34.9487404,36.1497758,"86",10
"الزغرين",35.7155857,35.8781739,"86",11
"الزغرين",34.8484933,36.4154654,"86",12
"الزغرين",35.7156911,35.8826113,"86",13
"الزغرين",35.0984534,37.0115393,"86",14
"الزغرين",35.7163872,35.8817242,"86",15
"الزويتيني",34.7941845,36.0443435,"87",1
"الزويتيني",34.7957692,36.0421742,"87",2
"الزويتيني",34.3566396,36.3266366,"87",3
"الزويتيني",33.1869444,36.2772222,"87",4
"الزويتيني",33.5603112,35.369617,"87",5
"الشربين",31.196768,31.5208814,"88",1
"الشربين",31.2498909,31.5598345,"88",2
"الشربين",31.2010728,31.531291,"88",3
"الشربين",30.0681312,31.1969769,"88",4
"الشربين",34.4579046,36.3633212,"88",5
"الشربين",23.909415,42.9154073,"88",6
"الشربين",31.1902833,31.5245433,"88",7
"الشربين",31.1961343,31.5192904,"88",8
"الشربين",31.1916996,31.5264772,"88",9
"الشربين",31.1982521,31.5194803,"88",10
"الشربين",31.1926461,31.5222916,"88",11
"الشربين",31.2113587,31.5595415,"88",12
"الشربين",31.1978757,31.5175721,"88",13
"الشربين",34.4579046,36.3633212,"88",14
"الشربين",31.1898227,31.5110381,"88",15
"الشربين",31.2231988,31.6198275,"88",16
"الشربين",31.1965098,31.5222593,"88",17
"الشربين",31.3439157,31.5111189,"88",18
"الشربين",31.1907617,31.5286542,"88",19
"الشربين",31.1904775,31.5188152,"88",20
"الشواغير الفوقا",NA,NA,"89",1
"الهرمل حي الحارة",34.3548778,36.2305374,"90",1
"الهرمل حي الحارة",33.2302093,35.4254856,"90",2
"الهرمل حي الحارة",33.1932565,35.46905,"90",3
"الهرمل حي الحارة",33.8434708,35.4987351,"90",4
"الهرمل حي الحارة",33.561156,35.4109699,"90",5
"الهرمل حي الحارة",33.9124161,36.0143559,"90",6
"الهرمل حي الحارة",33.4074237,35.4785881,"90",7
"الهرمل حي الوقف",NA,NA,"91",1
"الهرمل حي بديتا",34.3920106,36.3783642,"92",1
"قنافذ",35.2267028,37.2744712,"93",1
"قنافذ",34.49997,36.409910000000004,"93",2
"قنافذ",24.516763,46.570803,"93",3
"قنافذ",30.037679,31.2528885,"93",4
"قنافذ",28.2920289,46.1270991,"93",5
"قنافذ",33.1833333,37.45,"93",6
"قنافذ",36.5994352,2.5951673,"93",7
"مزرعة سجد",23.4485714,39.7389314,"94",1
"مزرعة سجد",33.4340695,35.5337519,"94",2
"مزرعة سجد",33.4423843,35.5418459,"94",3
"مزرعة سجد",33.4426552,35.5380693,"94",4
"وادي الرطل",NA,NA,"95",1
"وادي العس",31.9566347,35.8472427,"96",1
"وادي العس",33.4833016,35.4719115,"96",2
"وادي العس",32.0056872,44.3119879,"96",3
"وادي العس",33.705,35.9525,"96",4
"وادي العس",34.5883333,36.9330556,"96",5
"وادي العس",34.5822222,36.9358333,"96",6
"وادي العس",27.7351468,12.4380581,"96",7
"وادي العس",33.4941667,35.7311111,"96",8
"وادي العس",29.0909826,48.1302633,"96",9
"وادي العس",34.5941667,36.9347222,"96",10
"وادي العس",13.626436,45.0799194,"96",11
"وادي العس",32.8814273,13.163405,"96",12
"وادي العس",32.7237534,13.2661304,"96",13
"وادي العس",25.5542054,55.5484733,"96",14
"وادي العس",36.5053891,-117.0794078,"96",15
"وادي العس",24.7170885,46.682435,"96",16
"وادي العس",31.4186284,43.1847668,"96",17
"وادي العس",32.0794092,20.0725439,"96",18
"وادي العس",25.4936847,28.9868807,"96",19
"وادي العس",40.1017506,-75.446922,"96",20
"وادي بنيت",22.3105479,59.1793027,"97",1
"البرانيه حي المسيحيين",NA,NA,"98",1
"البرباره محلة المسيحيين",NA,NA,"99",1
"الجوبانية",NA,NA,"100",1
"الحدث الشمالي",34.2473023,35.930339,"101",1
"الحدث الشمالي",34.2884896,37.0723215,"101",2
"الحدث الشمالي",32.0908803,20.0925479,"101",3
"الحدث الشمالي",32.0907553,20.092397,"101",4
"الحدث الشمالي",25.3771471,49.5891942,"101",5
"الحدث الشمالي",26.591134,12.7671966,"101",6
"الحدث الشمالي",32.6101751,35.6085061,"101",7
"الحدث الشمالي",21.2680599,40.410735,"101",8
"الحدث الشمالي",21.2689548,40.4109474,"101",9
"الحدث الشمالي",24.7773779,46.6872646,"101",10
"الحدث الشمالي",26.3013415,50.2124965,"101",11
"الحدث الغربي",33.9993349,36.0276175,"102",1
"الحدث الغربي",34.8947063,35.8794448,"102",2
"الحدث الغربي",30.0081571,31.195108,"102",3
"الحدث الغربي",30.0070806,31.1945418,"102",4
"الحدث الغربي",30.5970227,30.1208207,"102",5
"الحدث الغربي",30.1480394,31.3886305,"102",6
"الحدث الغربي",33.4721638,35.6057876,"102",7
"الحدث الغربي",34.2709058,37.074296,"102",8
"الحدث الغربي",29.9601428,31.2738206,"102",9
"الخريبه حي الجامع",31.8797365,35.9203487,"103",1
"الخريبه حي الجامع",31.8688034,35.9180502,"103",2
"الخريبه حي الجامع",31.8697224,35.92783,"103",3
"الخريبه حي الجامع",31.86766,35.9380439,"103",4
"الخريبه حي الجامع",31.8773125,35.916096,"103",5
"الخريبه حي الجامع",31.8806942,35.9158489,"103",6
"الخريبه حي الجامع",31.8803372,35.8974107,"103",7
"الخريبه حي الجامع",31.8700988,35.92926,"103",8
"الخريبه حي الجامع",31.8746587,35.922299,"103",9
"الخريبه حي الجامع",31.8835477,35.9198964,"103",10
"الخريبه حي الجامع",31.8521766,35.9456972,"103",11
"الخريبه حي الجامع",31.8723553,35.9239143,"103",12
"الخريبه حي الجامع",31.8808812,35.9367076,"103",13
"الخضر الغربي",26.2626837,43.9937225,"104",1
"الخضر الغربي",37.4083511,45.2008339,"104",2
"الخضر الغربي",31.3485118,27.231417,"104",3
"الخضر الغربي",26.678006,31.4469545,"104",4
"الخضر الغربي",24.5757136,46.6333174,"104",5
"الخضر الغربي",30.7852755,30.9087389,"104",6
"الخضر الغربي",30.9169573,31.1217376,"104",7
"الخضر الغربي",34.7309115,36.1081096,"104",8
"الخضر الغربي",30.9582267,30.9740337,"104",9
"الخضر الغربي",15.4518767,36.369496,"104",10
"الخضر الغربي",27.184278,31.1756523,"104",11
"الخضر الغربي",31.2014369,45.5478983,"104",12
"الخضر الغربي",31.0693214,31.1162873,"104",13
"الخضر الغربي",32.0189546,20.195782,"104",14
"الخضر الغربي",31.3330762,30.4434318,"104",15
"الخضر الغربي",24.5755722,46.6068994,"104",16
"الخضر الغربي",30.7813087,30.9271649,"104",17
"الخضر الغربي",35.7726518,10.8268306,"104",18
"الخضر الغربي",24.6969697,46.5950602,"104",19
"الخضر الغربي",26.4236412,31.8125384,"104",20
"الخضر حي الاشعل",NA,NA,"105",1
"الخضر حي الجنوبي",26.2436932,43.9978278,"106",1
"الخضر حي الجنوبي",26.2484723,43.9948972,"106",2
"الخضر حي الجنوبي",26.2457552,43.9995528,"106",3
"الخضر حي الجنوبي",26.2517784,43.9891868,"106",4
"الخضر حي الجنوبي",26.2436699,43.997877,"106",5
"الخضر حي الجنوبي",26.2501091,43.9912677,"106",6
"الخضر حي الجنوبي",26.2626837,43.9937225,"106",7
"الخضر حي الجنوبي",26.2574871,43.9972643,"106",8
"الخضر حي الجنوبي",24.5683527,46.6578063,"106",9
"الخضر حي الجنوبي",26.236025,44.0048193,"106",10
"الخضر حي الجنوبي",26.2526855,43.9896458,"106",11
"الخضر حي الجنوبي",26.248515,43.989508,"106",12
"الخضر حي الجنوبي",32.5515773,35.8454203,"106",13
"الخضر حي الجنوبي",26.2446567,43.9972414,"106",14
"الخضر حي الجنوبي",26.2520299,43.9929531,"106",15
"الخضر حي الجنوبي",26.2490263,43.9887542,"106",16
"الخضر حي الجنوبي",26.2419102,44.0041075,"106",17
"الخضر حي الجنوبي",26.23476,44.0019961,"106",18
"الخضر حي الجنوبي",26.2436417,43.997868,"106",19
"الخضر حي الجنوبي",26.2362273,44.0047596,"106",20
"الخضر حي الشعب",33.3417845,44.3798729,"107",1
"الخضر حي الشعب",30.7596609,47.703951000000004,"107",2
"الخضر حي الشعب",36.8324583,10.1932941,"107",3
"الخضر حي الشعب",24.4584088,39.5953042,"107",4
"الريش حي الشميس",NA,NA,"108",1
"الريش حي الغربي",31.032595,30.475336,"109",1
"الريش حي الغربي",30.0283001,31.2363762,"109",2
"الريش حي الغربي",30.0286233,31.2333383,"109",3
"الريش حي الغربي",34.6821915,-5.9938339,"109",4
"الريش حي الغربي",27.1783117,31.1859257,"109",5
"الريش حي الغربي",30.0276461,31.2354658,"109",6
"الريش حي الغربي",31.3462005,34.3039986,"109",7
"الريش حي الغربي",30.0279897,31.2365389,"109",8
"الريش حي الغربي",27.0109095,49.6427461,"109",9
"العقيدية",15.0630421,43.2312089,"110",1
"الفاكهة حي الجامع",26.4363544,50.0943414,"111",1
"الفاكهة حي الجامع",30.588665,31.4984217,"111",2
"الفاكهة حي الجامع",26.3682485,43.9690113,"111",3
"النبي شيت حي الجامع",36.3348462,43.1354731,"112",1
"النبي شيت حي الجنوبي",NA,NA,"113",1
"النبي شيت حي الشرقي",34.5104486,36.5864447,"114",1
"النبي شيت حي الشرقي",33.4672586,36.2074748,"114",2
"النبي شيت حي الشرقي",33.5305856,36.3206865,"114",3
"النبي شيت حي الشرقي",34.8974794,36.1443566,"114",4
"النبي شيت حي الشرقي",35.0531252,36.2051003,"114",5
"النبي شيت حي الشرقي",33.36673,36.2474908,"114",6
"النبي شيت حي الشرقي",34.8484934,36.4154655,"114",7
"النبي شيت حي الشرقي",34.9352722,36.1854232,"114",8
"النبي شيت حي الشرقي",33.5100841,36.3166219,"114",9
"النبي شيت حي الشرقي",33.5309639,36.3213639,"114",10
"النبي شيت حي الشرقي",33.4949104,36.2481689,"114",11
"النبي شيت حي الشرقي",33.3496781,36.2474908,"114",12
"النبي شيت حي الشرقي",33.5707851,36.4067998,"114",13
"النبي شيت حي الشرقي",33.5581005,36.3630853,"114",14
"النبي شيت حي الشمالي",NA,NA,"115",1
"النبي شيت حي العريض",NA,NA,"116",1
"النبي شيت حي العقبة",NA,NA,"117",1
"النبي شيت حي طبشار",NA,NA,"118",1
"برقه",32.301365,35.192933,"119",1
"بريتال اليونسية",NA,NA,"120",1
"بريتال حي التين",NA,NA,"121",1
"بيت ابو صليبي",NA,NA,"122",1
"حور تعلا حي الشعب",NA,NA,"123",1
"حور تعلا حي الوادي",NA,NA,"124",1
"حور تعلا حي حقل العرجة",NA,NA,"125",1
"حي الست",33.3274892,44.3242822,"126",1
"حي الست",33.2832968,44.2956742,"126",2
"حي الست",33.4087765,44.3882643,"126",3
"حي الست",33.3283864,44.3175206,"126",4
"حي الست",33.3283368,44.3243335,"126",5
"حي الست",33.3540734,44.4282075,"126",6
"حي الست",33.3114556,44.1995702,"126",7
"حي الست",14.2581993,32.8737254,"126",8
"حي الست",34.2010465,43.9034086,"126",9
"حي الست",33.2722196,44.2885545,"126",10
"حي الست",33.3878799,44.3872668,"126",11
"حي الست",33.3573958,44.4225874,"126",12
"حي الست",30.8335251,30.9108908,"126",13
"حي الست",15.4858969,32.5407646,"126",14
"حي الست",32.6308797,43.9827964,"126",15
"حي الست",33.3716915,44.3679786,"126",16
"حي الست",33.2783233,44.3432259,"126",17
"حي الست",33.3910519,44.3597832,"126",18
"حي الست",24.7314928,46.8275228,"126",19
"حي الست",33.3750192,44.3855334,"126",20
"حي الصلح",13.7699425,45.2598053,"127",1
"حي الصلح",36.7294237,3.041659,"127",2
"حي الصلح",34.0112897,36.2105582,"127",3
"حي الصلح",33.3411376,44.346122,"127",4
"حي الصلح",31.6993631,35.9537026,"127",5
"حي الصلح",36.2303133,37.1430246,"127",6
"حي الصلح",31.8105178,36.1073932,"127",7
"حي الصلح",24.814748,46.7381443,"127",8
"حي الصلح",32.5391665,35.8582732,"127",9
"حي الصلح",36.2107815,44.0040021,"127",10
"حي الصلح",32.0283265,36.0161163,"127",11
"حي الصلح",24.731444,46.66175,"127",12
"حي الصلح",21.5730985,39.1397699,"127",13
"حي الصلح",21.4792117,39.2410041,"127",14
"حي الصلح",24.8623404,46.6308253,"127",15
"حي الصلح",21.4972833,39.2155806,"127",16
"دورس حي البير",NA,NA,"128",1
"دورس حي الشحاديه",NA,NA,"129",1
"سرعين الفوقا حي الجامع",34.0049508,36.2087012,"130",1
"سرعين الفوقا حي الجامع",33.791693,35.8932805,"130",2
"سرعين الفوقا حي الجامع",33.8861718,35.5039625,"130",3
"سرعين الفوقا حي الجامع",33.5303113,36.3653223,"130",4
"سرعين الفوقا حي الجامع",33.624962,35.482063,"130",5
"سرعين الفوقا حي الجامع",33.5274837,36.3705343,"130",6
"سرعين الفوقا حي الجامع",33.4736529,36.2849022,"130",7
"سرعين الفوقا حي الجامع",33.862477,35.5116272,"130",8
"سرعين الفوقا حي الجامع",33.5182213,36.2903008,"130",9
"سرعين الفوقا حي الجامع",33.5413547,36.3302864,"130",10
"سرعين الفوقا حي الجامع",33.5179954,36.3112021,"130",11
"سرعين الفوقا حي الجامع",33.5591272,36.378734,"130",12
"سرعين الفوقا حي الجامع",33.9721875,36.665521,"130",13
"سرعين الفوقا حي الجامع",33.4927718,36.2929922,"130",14
"سرعين الفوقا حي الجامع",33.5544137,36.333611,"130",15
"سرعين الفوقا حي الجامع",33.5055855,36.3071457,"130",16
"سرعين الفوقا حي الجامع",33.5465739,36.3362654,"130",17
"سرعين الفوقا حي الجامع",33.5532514,36.3661623,"130",18
"سرعين الفوقا حي الجامع",33.553542,36.3375914,"130",19
"سرعين الفوقا حي الجامع",33.5156873,36.3108372,"130",20
"سرعين الفوقا حي الحارة",33.8487696,36.028713,"131",1
"سرعين الفوقا حي الحارة",33.7254918,36.0906995,"131",2
"سرعين الفوقا حي الحارة",34.518261,36.574293,"131",3
"سرعين الفوقا حي الحارة",33.5394163,36.3735065,"131",4
"سرعين الفوقا حي الحارة",33.4672586,36.2074748,"131",5
"سرعين الفوقا حي الحارة",33.8535791,35.5187425,"131",6
"سرعين الفوقا حي الحارة",33.8777847,35.6798398,"131",7
"سرعين الفوقا حي الحارة",33.5083805,36.3135733,"131",8
"شعت حي الجامع",NA,NA,"132",1
"شعت حي الضهر",NA,NA,"133",1
"شمسطار الشمالي",33.9640031,36.0183791,"134",1
"شمسطار الشمالي",33.9640031,36.0183791,"134",2
"شمسطار الشمالي",33.9636435,36.0256575,"134",3
"شمسطار الشمالي",33.96508,36.01837,"134",4
"شمسطار الشمالي",33.9640015,36.0224812,"134",5
"شمسطار الشمالي",33.944695,36.0348259,"134",6
"شمسطار الشمالي",33.9265654,36.0691364,"134",7
"شمسطار الشمالي",33.8195674,35.874742,"134",8
"شمسطار الشمالي",34.0796947,35.864772,"134",9
"شمسطار الشمالي",34.1055514,35.8621218,"134",10
"شمسطار الشمالي",33.8924092,35.72756,"134",11
"شمسطار الشمالي",34.2634066,36.1367926,"134",12
"شمسطار الشمالي",34.1843239,35.7982715,"134",13
"شمسطار الشمالي",33.8941661,35.801348,"134",14
"شمسطار الشمالي",33.8941661,35.801348,"134",15
"شمسطار الشمالي",34.2405813,35.9965816,"134",16
"شمسطار الشمالي",33.8308853,36.045977,"134",17
"شمسطار الشمالي",34.0871576,35.7894931,"134",18
"شمسطار الشمالي",34.1995306,35.7846861,"134",19
"شمسطار الشمالي",34.1012341,35.7850168,"134",20
"صبوبا",NA,NA,"135",1
"طاريا الجنوبي",34.244038,35.7208308,"136",1
"طاريا الجنوبي",33.690063,36.1053929,"136",2
"طاريا الجنوبي",33.8607788,35.4891967,"136",3
"طاريا الجنوبي",33.9957652,36.1794175,"136",4
"طاريا الشمالي",33.9833642,36.0230711,"137",1
"غفره",31.8463459,36.0338708,"138",1
"قلد السبع",NA,NA,"139",1
"كفردان الغربي",32.477977,35.253787,"140",1
"مزرعة آل سويدان",25.9791756,49.3718655,"141",1
"مزرعة آل سويدان",25.979425,49.371874,"141",2
"مزرعة ابو صليبي",20.1611138,41.6034902,"142",1
"مزرعة ابو صليبي",19.8754144,41.0200313,"142",2
"مزرعة ابو صليبي",26.411052,44.1377953,"142",3
"مزرعة ابو صليبي",29.2855773,47.818038,"142",4
"مزرعة الضليل",32.1287028,36.2603049,"143",1
"مزرعة الضليل",32.1632086,35.9873999,"143",2
"مزرعة الضليل",32.1168143,36.290705,"143",3
"مزرعة الضليل",32.0892478,36.3506433,"143",4
"مزرعة الضليل",32.1264021,36.2638706,"143",5
"مزرعة الضليل",32.5598789,35.9283618,"143",6
"مزرعة الضليل",32.1304361,36.2970729,"143",7
"مزرعة الضليل",32.5860426,35.8334407,"143",8
"مزرعة الضليل",32.0591235,36.2978012,"143",9
"مزرعة بيت مطر",NA,NA,"144",1
"نبحا حي الجامع",34.8947621,36.1360663,"145",1
"نبحا حي الجامع",33.862477,35.5116272,"145",2
"نبحا حي الجامع",33.5459887,36.3399008,"145",3
"نبحا حي الجامع",34.7220294,36.7226654,"145",4
"نبحا حي الجامع",34.5114857,36.5817193,"145",5
"نبحا حي الجامع",34.8947289,36.1364493,"145",6
"نبحا حي الجامع",33.4927718,36.2929922,"145",7
"نبحا حي الجامع",33.5303113,36.3653223,"145",8
"نبحا حي الجامع",33.5165054,36.3743528,"145",9
"نبحا حي الجامع",34.7299546,36.6997658,"145",10
"نبحا حي الجامع",33.5465739,36.3362654,"145",11
"نبحا حي الجامع",33.5544137,36.333611,"145",12
"نبحا حي الجامع",33.5591272,36.378734,"145",13
"نبحا حي الجامع",34.7300933,36.7105796,"145",14
"نبحا حي الجامع",33.553542,36.3375914,"145",15
"نبحا حي الجامع",33.5179954,36.3112021,"145",16
"نبحا حي الجامع",34.7283455,36.7123507,"145",17
"نبحا حي الجامع",33.5432178,36.2231214,"145",18
"نبحا حي الجامع",34.719013,36.6921298,"145",19
"نبحا حي الجامع",33.5182213,36.2903008,"145",20
"وادي الصفا الشرقي",22.8236535,39.0377166,"146",1
"وادي المشمشه",NA,NA,"147",1
"الصيفي",32.2268319,35.2193211,"148",1
"الصيفي",42.3497071,-71.1077109,"148",2
"الصيفي",30.786,30.9983958,"148",3
"الصيفي",33.8948198,35.5084193,"148",4
"الصيفي",29.2822913,47.9625979,"148",5
"الصيفي",30.7914834,31.0104312,"148",6
"الصيفي",31.229629,29.9964205,"148",7
"الصيفي",24.2259417,39.2775429,"148",8
"الصيفي",15.3606733,44.1742384,"148",9
"الصيفي",15.3665553,44.1895608,"148",10
"الصيفي",15.3468902,44.2024378,"148",11
"الصيفي",15.3300501,44.199027,"148",12
"الصيفي",24.5750593,46.5396832,"148",13
"الصيفي",21.9113305,49.3653149,"148",14
"الصيفي",23.5880307,58.3828717,"148",15
"الصيفي",15.3288982,44.1991256,"148",16
"الصيفي",35.5298671,4.9558696,"148",17
"الصيفي",30.2390221,31.4735242,"148",18
"الصيفي",15.3514245,44.2246109,"148",19
"الصيفي",35.2962835,7.352753,"148",20
"المزرعة",26.1450951,50.501516,"149",1
"المزرعة",32.8538225,13.158716,"149",2
"المزرعة",24.8115663,46.6460827,"149",3
"المزرعة",26.3308649,50.1622408,"149",4
"المزرعة",24.8324103,46.7446931,"149",5
"المزرعة",21.6390995,39.1327429,"149",6
"المزرعة",21.5951875,39.2048125,"149",7
"المزرعة",26.2790927,50.2082977,"149",8
"المزرعة",21.5722032,39.1591828,"149",9
"المزرعة",30.0033674,40.2119813,"149",10
"المزرعة",21.615569700000002,39.1878664,"149",11
"المزرعة",26.2888125,50.1920625,"149",12
"المزرعة",24.1140005,38.0211856,"149",13
"المزرعة",26.2959748,50.024322,"149",14
"المزرعة",44.1257164,-72.3395963,"149",15
"المزرعة",26.3169375,50.2038125,"149",16
"المزرعة",30.9650988,41.0236848,"149",17
"المزرعة",26.4332903,50.1152341,"149",18
"المزرعة",24.0041875,38.2014375,"149",19
"المزرعة",27.3600406,35.6911354,"149",20
"زقاق البلاط",33.8941452,35.4989045,"150",1
"زقاق البلاط",33.8937913,35.5017767,"150",2
"المدور",27.3643081,30.9029992,"151",1
"المدور",33.5706711,36.3964262,"151",2
"المدور",35.9519444,37.2322222,"151",3
"المدور",31.0891911,27.8366696,"151",4
"المدور",33.8994871,35.5371394,"151",5
"المدور",33.4569389,-4.3889308,"151",6
"المدور",33.7947222,35.58,"151",7
"المدور",32.282438,35.9911459,"151",8
"المدور",32.2899294,35.9957027,"151",9
"المدور",15.2683333,44.1641667,"151",10
"المدور",36.572957,5.9535902,"151",11
"المدور",35.6873359,36.5444548,"151",12
"المدور",27.377998,30.887527,"151",13
"المدور",27.3850046,30.8839396,"151",14
"المدور",33.3519444,36.2783333,"151",15
"المدور",13.7787059,44.4187669,"151",16
"المدور",32.143218,35.012226,"151",17
"المدور",33.6027778,35.865,"151",18
"المدور",32.2898367,35.9950567,"151",19
"المدور",34.700787,-1.9174348,"151",20
"البطال",35.4056093,43.2984851,"152",1
"البطال",35.6172225,36.5941145,"152",2
"البطال",34.6840615,44.9531103,"152",3
"البطال",34.6833561,44.9556829,"152",4
"البطال",25.2403561,55.301092,"152",5
"البطال",36.4998387,37.4430803,"152",6
"البطال",32.0257629,44.39309,"152",7
"الجليليه",26.3918304,43.86977,"153",1
"الجليليه",32.1536915,13.0501216,"153",2
"الجليليه",32.8680922,13.206701,"153",3
"الجليليه",24.7798547,46.6371747,"153",4
"الفريديس",32.597351,34.951899,"154",1
"الفواره",24.7611726,46.8049344,"155",1
"الفواره",26.0633398,42.6546144,"155",2
"الفواره",21.8299999,40.1599999,"155",3
"المحتقره دير المخلص",33.584781,35.4793984,"156",1
"المحتقره دير المخلص",33.5839598,35.4782046,"156",2
"المعنيه",33.8905283,35.4953738,"157",1
"المعنيه",33.8903863,35.4954873,"157",2
"المعنيه",34.0590192,-4.9707805,"157",3
"المغيريه",33.6031583,35.4576264,"158",1
"المغيريه",33.6031567,35.4576269,"158",2
"المغيريه",33.5997222,35.4588889,"158",3
"المغيريه",33.5993345,35.4589541,"158",4
"المغيريه",33.6036706,35.4559548,"158",5
"المغيريه",33.0744444,35.995,"158",6
"بعقلين الفوقا",NA,NA,"159",1
"شحيم حي البدوي",33.6239852,35.4824975,"160",1
"شحيم حي البيادر",32.853519,35.340992,"161",1
"شحيم حي الجامع",33.623504,35.4848452,"162",1
"شحيم حي الجامع",33.6152247,35.4892841,"162",2
"شحيم حي الجامع",33.6219312,35.4907925,"162",3
"شحيم حي الجامع",33.624962,35.482063,"162",4
"شحيم حي الجامع",33.241845,35.3835293,"162",5
"شحيم حي الجامع",33.6114722,35.4791475,"162",6
"شحيم حي الجامع",33.3691263,35.4789898,"162",7
"شحيم حي الجامع",33.626821,35.4666733,"162",8
"شحيم حي الجامع",33.3575727,36.2510516,"162",9
"شحيم حي الجامع",33.862477,35.5116272,"162",10
"شحيم حي الجامع",33.6499446,35.4425436,"162",11
"شحيم حي السهله",NA,NA,"163",1
"شحيم حي الشريفة",NA,NA,"164",1
"شحيم حي شحرور",33.8699269,35.5071087,"165",1
"شحيم حي شحرور",33.6838716,35.4252461,"165",2
"شوريت",NA,NA,"166",1
"كليليه",40.3337415,-76.515079600000007,"167",1
"مجدلونا",33.9902626,36.1347929,"168",1
"وادي بنحليه",33.6742093,35.5221821,"169",1
"وادي بنحليه",33.7143708,35.6302257,"169",2
"وادي بنحليه",33.5462992,35.4409309,"169",3
"وادي بنحليه",33.6777756,35.5151043,"169",4
"وادي بنحليه",33.8100858,35.5973139,"169",5
"وادي بنحليه",33.6819566,35.5344682,"169",6
"وادي بنحليه",33.6948309,35.5812837,"169",7
"وادي بنحليه",33.6814658,35.5050806,"169",8
"وادي بنحليه",20.4710075,41.0876209,"169",9
"وادي بنحليه",26.2665352,44.8738449,"169",10
"وادي بنحليه",17.6658997,42.65771,"169",11
"وادي بنحليه",18.6333809,42.721913,"169",12
"وادي بنحليه",18.767519,41.5741217,"169",13
"وادي بنحليه",19.6510953,42.2022951,"169",14
"وادي بنحليه",19.1014683,42.2909957,"169",15
"وادي بنحليه",27.3379312,48.4322475,"169",16
"وادي بنحليه",22.115323,59.6153133,"169",17
"وادي بنحليه",24.5834648,46.8061346,"169",18
"وادي بنحليه",32.4059584,35.588483600000004,"169",19
"وادي بنحليه",21.7231217,39.7800907,"169",20
"الخله",32.7948323,13.2169825,"170",1
"الخله",32.7928273,13.2182378,"170",2
"الخله",35.1785974,36.8963182,"170",3
"الخله",33.3502778,35.7672222,"170",4
"الخله",32.7877483,13.0531599,"170",5
"الخله",32.7860802,13.0625745,"170",6
"الخله",32.7961249,13.2172633,"170",7
"الخله",33.4697222,35.5772222,"170",8
"الخله",32.6966326,13.0360128,"170",9
"الخله",32.7385878,13.202673,"170",10
"الخله",32.7658782,13.2216232,"170",11
"الخله",32.7874375,13.2314375,"170",12
"الخله",32.5197698,35.7093403,"170",13
"الخله",32.675199,35.750767,"170",14
"الخله",32.0968618,35.9561519,"170",15
"الخله",29.5697222,47.3588889,"170",16
"الخله",33.4283333,35.5855556,"170",17
"الخله",32.8204119,13.2314025,"170",18
"الخله",32.7889418,13.6795208,"170",19
"الخله",32.1268728,35.9858043,"170",20
"السفيله",33.9416693,35.7032812,"171",1
"السفيله",33.8847575,35.6859509,"171",2
"السفيله",32.2536988,35.7066685,"171",3
"السفيله",33.9416711,35.7032819,"171",4
"السفيله",17.5722318,44.3501678,"171",5
"السفيله",33.2591074,44.3547678,"171",6
"السفيله",33.8845051,35.6735247,"171",7
"الشاويه والقنيطره",34.6023347,-5.4319238,"172",1
"الغابه",42.2948239,-71.105659,"173",1
"الغابه",42.4814044,-71.2330696,"173",2
"الغابه",42.3442778,-71.0895455,"173",3
"الغابه",42.1800126,-71.003717,"173",4
"الغابه",44.1486193,-71.4530066,"173",5
"الغابه",42.3614403,-71.1007432,"173",6
"الغابه",42.2881445,-71.1030666,"173",7
"الغابه",42.356072,-71.05273,"173",8
"الغابه",42.3469747,-71.1054977,"173",9
"الغابه",43.0547606,-72.9996256,"173",10
"الغابه",42.3608996,-71.0620806,"173",11
"الغابه",42.2925811,-71.1121722,"173",12
"الغابه",42.5070492,-70.8855729,"173",13
"الغابه",42.550478,-71.1285122,"173",14
"الغابه",42.443535,-71.2397004,"173",15
"الغابه",42.1655506,-70.9888579,"173",16
"الغابه",42.348686,-71.0796433,"173",17
"الغابه",42.3068481,-71.0903578,"173",18
"الغابه",42.6265955,-71.0788756,"173",19
"الغابه",42.4595741,-71.4166475,"173",20
"المشرع",15.3136179,44.1870734,"174",1
"المشرع",31.3915087,-9.5553528,"174",2
"المشرع",14.0612482,45.7241361,"174",3
"المشرع",14.626211,43.792228,"174",4
"المشرع",31.251846,-8.7334631,"174",5
"المشرع",31.2531634,-8.7395417,"174",6
"المشرع",14.140143,43.4499663,"174",7
"المشرع",17.8864145,-12.1944801,"174",8
"المشرع",33.9447157,35.755701,"174",9
"المشرع",32.8093628,13.1842969,"174",10
"المشرع",13.3509336,44.1862178,"174",11
"المشرع",16.6884136,-11.5096382,"174",12
"المشرع",31.6426661,-7.9909639,"174",13
"المشرع",25.574173300000002,55.6546687,"174",14
"المشرع",34.8303168,-2.7394109,"174",15
"المشرع",34.0159076,-5.1125919,"174",16
"المشرع",14.6398546,43.9553761,"174",17
"المشرع",33.9222939,35.6895054,"174",18
"المشرع",34.5737236,-5.9511674,"174",19
"المشرع",13.9889146,45.5771002,"174",20
"المكلس",33.8676705,35.5427965,"175",1
"بيت شباب تحتاني",NA,NA,"176",1
"سن الفيل حي الجديد",33.8788486,35.537538,"177",1
"سن الفيل حي الحرج",33.8788486,35.537538,"178",1
"الشياح بئر العبد",33.8526762,35.5132708,"179",1
"الشياح حي الكنيسة",33.8640928,35.5195867,"180",1
"الشياح حي الكنيسة",33.8581458,35.5186977,"180",2
"الشياح حي الكنيسة",33.8606884,35.5249008,"180",3
"الشياح حي الكنيسة",33.8659837,35.5175382,"180",4
"الشياح حي الكنيسة",33.8569602,35.5211105,"180",5
"الشياح حي الكنيسة",33.8626545,35.5237401,"180",6
"الشياح حي الكنيسة",33.8648806,35.5258289,"180",7
"الشياح حي الكنيسة",33.8504679,35.5278726,"180",8
"الشياح حي الكنيسة",33.8922741,35.5091543,"180",9
"الشياح حي الكنيسة",33.8982695,35.4990549,"180",10
"الشياح حي الكنيسة",33.9015134,35.5236861,"180",11
"الشياح حي الكنيسة",34.7291463,36.7198478,"180",12
"الشياح حي الكنيسة",31.7784813,35.2296002,"180",13
"الشياح حي الكنيسة",31.7043034,35.2075288,"180",14
"الشياح حي الكنيسة",33.557262,36.3118796,"180",15
"الشياح حي الكنيسة",33.5173379,36.2969733,"180",16
"الشياح حي الكنيسة",31.779547,35.246521,"180",17
"الشياح حي كرم الزيتون",33.8899796,35.5263068,"181",1
"الغبيري حي الجامع",33.862477,35.5116272,"182",1
"الليلكه",NA,NA,"183",1
"المريجه",25.3544314,55.3836578,"184",1
"برج البراجنة حي السنديان",NA,NA,"185",1
"برج البراجنة حي المنشية",33.8452878,35.5090756,"186",1
"تحويطة النهر",33.8340853,35.4951531,"187",1
"تحويطة النهر",33.8713882,35.5256428,"187",2
"حارة حريك حي الرويس",33.8491414,35.5121512,"188",1
"حارة حريك حي الكنيسة",33.8535791,35.5187425,"189",1
"حارة حريك حي الكنيسة",33.8566663,35.5059659,"189",2
"حارة حريك حي الكنيسة",33.8526561,35.5072844,"189",3
"حارة حريك حي الكنيسة",33.8526762,35.5132708,"189",4
"حارة حريك حي الكنيسة",33.8511336,35.5072648,"189",5
"حارة حريك حي الكنيسة",33.8592838,35.5128065,"189",6
"حارة حريك حي الكنيسة",33.8569602,35.5211105,"189",7
"حارة حريك حي الكنيسة",33.8504679,35.5278726,"189",8
"حارة حريك حي الكنيسة",33.8813062,35.5492721,"189",9
"حارة حريك قرانوح",33.8526561,35.5072844,"190",1
"الجليسه",30.0828317,31.3789567,"191",1
"الخاربه",34.1795661,35.7535857,"192",1
"الخاربه",31.2361111,52.2658333,"192",2
"الخاربه",33.5717934,35.8531431,"192",3
"الراموط",34.1671839,35.712968,"193",1
"الريحانة",14.9774256,33.0887474,"194",1
"العاقورة - أ",34.1214952,35.9040647,"195",1
"العاقورة - أ",34.1214952,35.9040648,"195",2
"العاقورة - أ",34.1498772,35.8785643,"195",3
"العاقورة - أ",34.1150495,35.9071832,"195",4
"العاقورة - أ",34.1482188,35.8911672,"195",5
"العاقورة - أ",33.265163,35.769829,"195",6
"العاقورة - أ",33.201405,35.606693,"195",7
"العاقورة - أ",33.8265152,35.5442416,"195",8
"العاقورة - أ",33.8884933,35.5196149,"195",9
"العاقورة - أ",32.980415,35.806583,"195",10
"العاقورة - أ",33.4860893,36.4564703,"195",11
"العاقورة - أ",33.26886,35.772125,"195",12
"العاقورة - أ",33.2657835,35.7696245,"195",13
"العاقورة - أ",33.213951,35.579838,"195",14
"العاقورة - أ",33.8552277,35.5810253,"195",15
"العاقورة - أ",33.270206,35.771236,"195",16
"العاقورة - أ",33.213577,35.577442,"195",17
"العاقورة - أ",33.5062789,36.2566509,"195",18
"العاقورة - أ",33.21571,35.57737,"195",19
"العاقورة - أ",33.231262,35.754166,"195",20
"العاقورة - م",34.1214952,35.9040647,"196",1
"العاقورة - م",34.1214952,35.9040648,"196",2
"العاقورة - م",34.1150495,35.9071832,"196",3
"العاقورة - م",34.1244237,35.8982717,"196",4
"العاقورة - م",34.1482188,35.8911672,"196",5
"العاقورة - م",34.1310843,35.6653646,"196",6
"العاقورة - م",33.8808672,35.4847059,"196",7
"الفيدار",34.0985261,35.6516898,"197",1
"الفيدار",34.136744,35.6967109,"197",2
"الفيدار",34.1367434,35.6967118,"197",3
"الفيدار",34.100871,35.650745,"197",4
"الفيدار",34.1323938,35.7032451,"197",5
"الفيدار",34.0985261,35.6516898,"197",6
"جنه ومار سركيس",34.2899365,35.9823168,"198",1
"جنه ومار سركيس",34.3123262,36.9250083,"198",2
"جنه ومار سركيس",34.3126029,36.9248986,"198",3
"جنه ومار سركيس",34.1870368,36.0813295,"198",4
"دملصا",34.1502392,35.6810196,"199",1
"قرطبا الجنوبية",34.0933798,35.8508441,"200",1
"قرطبا الجنوبية",31.5125214,34.4385377,"200",2
"اغميد",33.7761111,35.6611111,"201",1
"اغميد",33.7569949,35.6899583,"201",2
"اغميد",33.7652698,35.6957805,"201",3
"الشويفات حي الامراء",33.8054166,35.5161187,"202",1
"الشويفات حي العمروسية",33.8095311,35.5198113,"203",1
"الكحالة",33.8260123,35.5859393,"204",1
"الكحالة",33.8260178,35.5859405,"204",2
"الكحالة",33.5438689,36.3647786,"204",3
"الكحالة",33.5433314,36.1932135,"204",4
"الكحالة",31.9938324,35.9296385,"204",5
"الكحالة",41.0104127,28.9465851,"204",6
"الكحالة",36.4587174,6.0356433,"204",7
"الكحالة",41.0254158,28.6599631,"204",8
"بخشتيه",33.7992656,35.6161485,"205",1
"بخشتيه",33.806165,35.604634,"205",2
"حبرامون",NA,NA,"206",1
"دوير الرمان",33.3901493,35.4183324,"207",1
"كفر عميه",33.7669268,35.5933747,"208",1
"الحصين",24.6385003,46.7340945,"209",1
"الحصين",34.0385036,35.7154381,"209",2
"الحصين",32.394365,44.5478393,"209",3
"الحصين",33.8036111,35.6272222,"209",4
"الحصين",14.2390763,44.3177417,"209",5
"الحصين",36.1870754,37.3139154,"209",6
"الحصين",14.4111422,44.4099154,"209",7
"الحصين",13.7909999,44.7686135,"209",8
"الحصين",25.5394212,50.9384108,"209",9
"الحصين",24.5903529,39.6684264,"209",10
"الحصين",32.392686,44.5373632,"209",11
"الحصين",14.4135638,44.4127082,"209",12
"الحصين",24.4726872,39.6333823,"209",13
"الحصين",24.4513495,39.5957854,"209",14
"الحصين",15.3449477,43.9101219,"209",15
"الحصين",26.029427,44.9477402,"209",16
"الحصين",23.4466738,57.6333666,"209",17
"الحصين",24.4723997,39.6298065,"209",18
"الحصين",25.8570671,44.2241859,"209",19
"الحصين",24.4981818,39.6635249,"209",20
"العذرا",31.0500916,29.8178676,"210",1
"القليعات",34.9665089,36.0811868,"211",1
"النموره وكفر جريف",NA,NA,"212",1
"غادير",33.8334957,35.5105345,"213",1
"غادير",33.9794609,35.6376806,"213",2
"غادير",33.5120186,35.3621746,"213",3
"غادير",33.91167,36.01003,"213",4
"غادير",33.9759991,35.6337353,"213",5
"غادير",31.2000757,16.5726886,"213",6
"غزير الجامع",36.7348729,3.1418297,"214",1
"غزير الجامع",30.045688,31.2626851,"214",2
"غزير الجامع",16.9741571,7.9883963,"214",3
"غزير الجامع",33.5116912,36.3066528,"214",4
"غزير الجامع",33.8974191,35.5059128,"214",5
"غزير الجامع",21.4228714,39.8257347,"214",6
"غزير الجامع",16.5628983,42.9434376,"214",7
"غزير الجامع",31.7780191,35.2354079,"214",8
"غزير الجامع",30.0106715,31.2640011,"214",9
"غزير الجامع",34.736613,36.7155804,"214",10
"غزير الجامع",24.6548413,46.7480286,"214",11
"غزير الجامع",32.0211162,35.904176,"214",12
"غزير الجامع",25.1620875,55.3603103,"214",13
"غزير الجامع",26.394569,50.0879385,"214",14
"غزير الجامع",31.9922465,35.8715285,"214",15
"غزير الجامع",22.7844116,57.5968659,"214",16
"غزير الجامع",30.0938303,31.3317613,"214",17
"غزير الجامع",33.232105,44.4012818,"214",18
"غزير الجامع",19.9818635,41.4736371,"214",19
"غزير الجامع",30.0079307,31.2576515,"214",20
"غزير القناة",NA,NA,"215",1
"غزير المعاملتين",34.0062295,35.645201900000004,"216",1
"هرهريا والقطين",34.023574000000004,35.7066837,"217",1
"التليل",34.831611,36.5418788,"218",1
"التليل",35.9658333,36.6116667,"218",2
"التليل",32.8052291,12.3750266,"218",3
"التليل",32.8165141,12.3794413,"218",4
"التليل",35.7827778,36.6727778,"218",5
"التليل",36.2055556,37.0052778,"218",6
"التليل",34.4830792,36.382689,"218",7
"التليل",32.0086111,44.6744444,"218",8
"التليل",25.4234105,49.7152041,"218",9
"التليل",15.5782775,32.6048106,"218",10
"التليل",34.4573429,36.1226825,"218",11
"التليل",32.8065742,12.3893488,"218",12
"العماير",32.7641129,-8.5734752,"219",1
"العوادة",34.2122943,-4.0204808,"220",1
"الفرض",23.3714788,58.5136794,"221",1
"الفرض",34.6284819,36.3741667,"221",2
"الفرض",22.9321405,57.5309265,"221",3
"الفرض",25.5412565,55.5497222,"221",4
"القبيات الضهر",34.5712779,36.2750446,"222",1
"القبيات القطلبه",34.571583,36.2815234,"223",1
"القبيات القطلبه",34.5490157,36.2875867,"223",2
"القبيات غوايا",34.5668098,36.2759435,"224",1
"القبيات غوايا",34.5756345,36.2882438,"224",2
"القبيات مرتموره",34.5783004,36.2772386,"225",1
"القبيات مرتموره",34.5758429,36.2789905,"225",2
"المقيبله",32.514142,35.294806,"226",1
"المونسة",30.3491013,30.8941367,"227",1
"المونسة",30.3503797,30.8900769,"227",2
"المونسة",30.3471855,30.8787653,"227",3
"المونسة",30.3481765,30.8952679,"227",4
"المونسة",24.8304392,46.7914885,"227",5
"المونسة",24.8476536,46.7818517,"227",6
"المونسة",30.3546645,30.8770306,"227",7
"المونسة",30.3478504,30.8899156,"227",8
"المونسة",30.340679,30.8871281,"227",9
"المونسة",30.357866,30.8900839,"227",10
"المونسة",30.3478446,30.8901972,"227",11
"المونسة",24.185022,54.683464,"227",12
"المونسة",30.3548853,30.8753405,"227",13
"المونسة",30.3487513,30.8950695,"227",14
"المونسة",30.3479162,30.8923258,"227",15
"المونسة",30.3623933,30.8987912,"227",16
"المونسة",30.3595983,30.882395,"227",17
"المونسة",30.3545124,30.8743538,"227",18
"المونسة",38.5812204,68.7837448,"227",19
"المونسة",40.7900061,72.2593056,"227",20
"بني صخر",36.550941,4.7768183,"228",1
"بني صخر",32.1273515,36.1297494,"228",2
"بني صخر",31.8707973,35.9957814,"228",3
"بني صخر",32.0821129,36.099247,"228",4
"بني صخر",32.097262,36.3318119,"228",5
"بني صخر",31.8564335,36.0576469,"228",6
"بني صخر",32.4052135,36.046033,"228",7
"بني صخر",32.0841909,36.2490654,"228",8
"بني صخر",32.3368238,35.9006726,"228",9
"بني صخر",32.1012758,36.3299464,"228",10
"بني صخر",31.8432298,36.0049975,"228",11
"بني صخر",31.8151094,36.0975424,"228",12
"بني صخر",31.5267605,35.8748837,"228",13
"بني صخر",35.5162429,36.4303003,"228",14
"بني صخر",32.0821098,36.0992838,"228",15
"بني صخر",31.545522,36.0491823,"228",16
"بني صخر",31.6098064,36.1135241,"228",17
"بني صخر",31.9539494,35.910635,"228",18
"بني صخر",31.5270856,35.8753647,"228",19
"بني صخر",31.696332,36.936807,"228",20
"بيت غطاس",27.6393339,30.8573315,"229",1
"بيت غطاس",31.1166488,30.2640235,"229",2
"بيت غطاس",31.1800903,30.2567748,"229",3
"بيت غطاس",31.1666829,30.282167,"229",4
"بيت غطاس",31.171433,30.278447,"229",5
"تل معيان",34.5186111,36.4713889,"230",1
"تل معيان",34.6001692,36.0361979,"230",2
"جبل المنصورة",33.4066667,36.1502778,"231",1
"جبل المنصورة",33.4472222,35.7008333,"231",2
"جبل المنصورة",30.8477979,35.6188891,"231",3
"جبل المنصورة",31.0444414,31.3991478,"231",4
"جبل المنصورة",31.0314524,31.3604433,"231",5
"جبل المنصورة",36.2009481,37.0534508,"231",6
"جبل المنصورة",31.0390449,31.3950758,"231",7
"جبل المنصورة",31.2619444,31.5741667,"231",8
"جبل المنصورة",33.6811387,35.8156062,"231",9
"جبل المنصورة",31.0354774,31.5523759,"231",10
"جبل المنصورة",32.8363334,21.8436656,"231",11
"جبل المنصورة",30.9572222,31.5163889,"231",12
"جبل المنصورة",30.6072304,32.2627327,"231",13
"جبل المنصورة",31.03297,31.3580731,"231",14
"جبل المنصورة",31.0328825,31.3575457,"231",15
"جبل المنصورة",31.0319796,31.359638,"231",16
"جبل المنصورة",34.8880569,-1.3681006,"231",17
"جبل المنصورة",31.0329349,31.3574474,"231",18
"جبل المنصورة",31.0448903,31.3536867,"231",19
"جبل المنصورة",31.0062361,31.3808978,"231",20
"حكر الشيخ طابا",34.533056,36.0776095,"232",1
"حكر الشيخ طابا",34.5330539,36.0776033,"232",2
"رجم عيسى",34.6105873,36.3743528,"233",1
"رجم عيسى",34.6182937,36.3830941,"233",2
"ضهر القنبر",34.7113889,36.2955556,"234",1
"قنية",35.0573803,36.2088541,"235",1
"قنية",35.0616074,36.2052622,"235",2
"قنية",33.5947222,36.0294444,"235",3
"قنية",35.0501525,36.2006904,"235",4
"قنية",35.0604344,36.1928111,"235",5
"قنية",33.62,35.9183333,"235",6
"قنية",34.5852104,36.3675103,"235",7
"قنية",34.9728141,36.1539295,"235",8
"قنية",35.0612239,36.205082,"235",9
"قنية",33.2366802,35.7313062,"235",10
"قنية",35.0588723,36.1828279,"235",11
"قنية",33.3987925,35.7071822,"235",12
"قنية",35.0583031,36.1838315,"235",13
"قنية",34.9471037,36.1518249,"235",14
"قنية",33.012671,36.1844053,"235",15
"قنية",34.7305735,36.7050103,"235",16
"قنية",34.8951038,36.1355295,"235",17
"قنية",34.5450314,36.3632362,"235",18
"قنية",32.2304124,35.9980411,"235",19
"قنية",34.5390895,36.3645996,"235",20
"كفر الفتوح",33.9552917,35.7630016,"236",1
"كفر الفتوح",31.2547868,30.6056064,"236",2
"كفر الفتوح",34.3741147,35.8689461,"236",3
"كفر الفتوح",34.3643742,35.8640401,"236",4
"كفر الفتوح",34.2012526,35.6542139,"236",5
"كفر الفتوح",34.338199,35.9031791,"236",6
"كفر الفتوح",34.025547,35.6335613,"236",7
"كفر الفتوح",33.944695,36.0348259,"236",8
"كفر الفتوح",31.1122435,30.9474,"236",9
"كفر الفتوح",30.7689783,30.7823861,"236",10
"كفر الفتوح",34.425113,35.9864165,"236",11
"كفر الفتوح",30.7691839,30.7825428,"236",12
"كفر الفتوح",31.1236601,30.9359987,"236",13
"كفر الفتوح",31.119243,31.1031968,"236",14
"كفر الفتوح",31.420219,31.7762617,"236",15
"كفر الفتوح",30.550785,31.4735383,"236",16
"كفر الفتوح",31.1800829,30.9045157,"236",17
"كفر الفتوح",31.2540527,30.6047582,"236",18
"كفر الفتوح",34.1457218,35.6714769,"236",19
"كفر الفتوح",30.5082166,31.4289598,"236",20
"كفرنون",34.6246261,36.2559316,"237",1
"كوشا",34.1,-4.733333,"238",1
"مشيلحة حاكوره",NA,NA,"239",1
